<?xml version="1.0" encoding="UTF-8"?><project-private xmlns="http://www.netbeans.org/ns/project-private/1">
    <code-assistance-data xmlns="http://www.netbeans.org/ns/make-project-private/1">
        <code-model-enabled>true</code-model-enabled>
    </code-assistance-data>
    <data xmlns="http://www.netbeans.org/ns/make-project-private/1">
        <activeConfTypeElem>1</activeConfTypeElem>
        <activeConfIndexElem>0</activeConfIndexElem>
    </data>
    <editor-bookmarks xmlns="http://www.netbeans.org/ns/editor-bookmarks/1">
        <file>
            <url>file:/home/karsten/World/GShare/GFunctions.cpp</url>
            <line>100</line>
        </file>
    </editor-bookmarks>
</project-private>
