<?xml version="1.0" encoding="UTF-8"?>
<configurationDescriptor version="80">
  <logicalFolder name="root" displayName="root" projectFiles="true" kind="ROOT">
    <logicalFolder name="HeaderFiles"
                   displayName="Header Files"
                   projectFiles="true">
    </logicalFolder>
    <logicalFolder name="ResourceFiles"
                   displayName="Resource Files"
                   projectFiles="true">
      <itemPath>attributeSizeRelation</itemPath>
    </logicalFolder>
    <logicalFolder name="SourceFiles"
                   displayName="Source Files"
                   projectFiles="true">
      <logicalFolder name="f5" displayName="Commands" projectFiles="true">
        <itemPath>Command/SC_ApplyDamage.cpp</itemPath>
        <itemPath>Command/SC_ApplyDamage.h</itemPath>
        <itemPath>Command/SC_ApplyTickSpellDamage.cpp</itemPath>
        <itemPath>Command/SC_ApplyTickSpellDamage.h</itemPath>
        <itemPath>Command/SC_BuffProces.cpp</itemPath>
        <itemPath>Command/SC_BuffProces.h</itemPath>
        <itemPath>Command/SC_CastSTarget.cpp</itemPath>
        <itemPath>Command/SC_CastSTarget.h</itemPath>
        <itemPath>Command/SC_FirePower.cpp</itemPath>
        <itemPath>Command/SC_FirePower.h</itemPath>
        <itemPath>Command/SC_HitPower.cpp</itemPath>
        <itemPath>Command/SC_HitPower.h</itemPath>
        <itemPath>Command/SC_KillUnit.cpp</itemPath>
        <itemPath>Command/SC_KillUnit.h</itemPath>
        <itemPath>Command/SC_MoveObj.cpp</itemPath>
        <itemPath>Command/SC_MoveObj.h</itemPath>
        <itemPath>Command/SC_ObjProces.cpp</itemPath>
        <itemPath>Command/SC_ObjProces.h</itemPath>
        <itemPath>Command/SCommand.cpp</itemPath>
        <itemPath>Command/SCommand.h</itemPath>
      </logicalFolder>
      <logicalFolder name="f1" displayName="Gshare" projectFiles="true">
        <itemPath>../GShare/Enums.h</itemPath>
        <itemPath>../GShare/GFunctions.cpp</itemPath>
        <itemPath>../GShare/GFunctions.h</itemPath>
        <itemPath>../GShare/GGlobals.cpp</itemPath>
        <itemPath>../GShare/GGlobals.h</itemPath>
      </logicalFolder>
      <logicalFolder name="f2" displayName="Network" projectFiles="true">
        <itemPath>../Network/Serialize.h</itemPath>
      </logicalFolder>
      <logicalFolder name="f4" displayName="Objects" projectFiles="true">
        <logicalFolder name="f1" displayName="Buffs" projectFiles="true">
          <itemPath>objects/Buffs/SBuff.cpp</itemPath>
          <itemPath>objects/Buffs/SBuff.h</itemPath>
          <itemPath>objects/Buffs/SBuffBase.cpp</itemPath>
          <itemPath>objects/Buffs/SBuffBase.h</itemPath>
          <itemPath>objects/Buffs/SBuffDot.cpp</itemPath>
          <itemPath>objects/Buffs/SBuffDot.h</itemPath>
          <itemPath>objects/Buffs/SBuffStat.cpp</itemPath>
          <itemPath>objects/Buffs/SBuffStat.h</itemPath>
        </logicalFolder>
        <itemPath>objects/SCreature.cpp</itemPath>
        <itemPath>objects/SCreature.h</itemPath>
        <itemPath>objects/SObj.cpp</itemPath>
        <itemPath>objects/SObj.h</itemPath>
        <itemPath>objects/SPos.cpp</itemPath>
        <itemPath>objects/SPos.h</itemPath>
      </logicalFolder>
      <logicalFolder name="f6" displayName="Powers" projectFiles="true">
        <itemPath>Powers/SEffectType.cpp</itemPath>
        <itemPath>Powers/SEffectType.h</itemPath>
        <itemPath>Powers/SEffectTypeAddBuff.cpp</itemPath>
        <itemPath>Powers/SEffectTypeAddBuff.h</itemPath>
        <itemPath>Powers/SEffectTypeDD.cpp</itemPath>
        <itemPath>Powers/SEffectTypeDD.h</itemPath>
        <itemPath>Powers/SPower.cpp</itemPath>
        <itemPath>Powers/SPower.h</itemPath>
        <itemPath>Powers/SPowerHandler.cpp</itemPath>
        <itemPath>Powers/SPowerHandler.h</itemPath>
        <itemPath>Powers/SPowerType.cpp</itemPath>
        <itemPath>Powers/SPowerType.h</itemPath>
        <itemPath>Powers/SPowerTypeLoader.cpp</itemPath>
        <itemPath>Powers/SPowerTypeLoader.h</itemPath>
      </logicalFolder>
      <logicalFolder name="f3" displayName="World" projectFiles="true">
        <itemPath>World/SGrid.cpp</itemPath>
        <itemPath>World/SGrid.h</itemPath>
        <itemPath>World/SWorld.cpp</itemPath>
        <itemPath>World/SWorld.h</itemPath>
      </logicalFolder>
      <itemPath>Client.cpp</itemPath>
      <itemPath>Client.h</itemPath>
      <itemPath>SDatabase.cpp</itemPath>
      <itemPath>SDatabase.h</itemPath>
      <itemPath>SFunctions.cpp</itemPath>
      <itemPath>SFunctions.h</itemPath>
      <itemPath>SGlobals.cpp</itemPath>
      <itemPath>SGlobals.h</itemPath>
      <itemPath>mainServer.cpp</itemPath>
    </logicalFolder>
    <logicalFolder name="TestFiles"
                   displayName="Test Files"
                   projectFiles="false"
                   kind="TEST_LOGICAL_FOLDER">
    </logicalFolder>
    <logicalFolder name="ExternalFiles"
                   displayName="Important Files"
                   projectFiles="false"
                   kind="IMPORTANT_FILES_FOLDER">
      <itemPath>Makefile</itemPath>
    </logicalFolder>
  </logicalFolder>
  <projectmakefile>Makefile</projectmakefile>
  <confs>
    <conf name="Debug" type="1">
      <toolsSet>
        <remote-sources-mode>LOCAL_SOURCES</remote-sources-mode>
        <compilerSet>GNU|GNU</compilerSet>
      </toolsSet>
      <compileType>
        <ccTool>
          <commandlineTool>g++</commandlineTool>
        </ccTool>
        <linkerTool>
          <linkerLibItems>
            <linkerLibStdlibItem>PosixThreads</linkerLibStdlibItem>
            <linkerLibLibItem>SDLmain</linkerLibLibItem>
            <linkerLibLibItem>SDL</linkerLibLibItem>
            <linkerLibLibItem>pqxx</linkerLibLibItem>
          </linkerLibItems>
        </linkerTool>
      </compileType>
    </conf>
    <conf name="Release" type="1">
      <toolsSet>
        <remote-sources-mode>LOCAL_SOURCES</remote-sources-mode>
        <compilerSet>GNU|GNU</compilerSet>
      </toolsSet>
      <compileType>
        <cTool>
          <developmentMode>5</developmentMode>
        </cTool>
        <ccTool>
          <developmentMode>5</developmentMode>
        </ccTool>
        <fortranCompilerTool>
          <developmentMode>5</developmentMode>
        </fortranCompilerTool>
        <asmTool>
          <developmentMode>5</developmentMode>
        </asmTool>
      </compileType>
    </conf>
  </confs>
</configurationDescriptor>
