<?xml version="1.0" encoding="UTF-8"?>
<configurationDescriptor version="80">
  <logicalFolder name="root" displayName="root" projectFiles="true" kind="ROOT">
    <logicalFolder name="HeaderFiles"
                   displayName="Header Files"
                   projectFiles="true">
    </logicalFolder>
    <logicalFolder name="ResourceFiles"
                   displayName="Resource Files"
                   projectFiles="true">
    </logicalFolder>
    <logicalFolder name="SourceFiles"
                   displayName="Source Files"
                   projectFiles="true">
      <logicalFolder name="f3" displayName="Grafic" projectFiles="true">
        <itemPath>Grafic/Grafic.cpp</itemPath>
        <itemPath>Grafic/Grafic.h</itemPath>
      </logicalFolder>
      <logicalFolder name="f2" displayName="Gshare" projectFiles="true">
        <itemPath>../GShare/Enums.h</itemPath>
        <itemPath>../GShare/GFunctions.cpp</itemPath>
        <itemPath>../GShare/GFunctions.h</itemPath>
        <itemPath>../GShare/GGlobals.cpp</itemPath>
        <itemPath>../GShare/GGlobals.h</itemPath>
      </logicalFolder>
      <logicalFolder name="f1" displayName="Network" projectFiles="true">
        <itemPath>../Network/Serialize.h</itemPath>
      </logicalFolder>
      <logicalFolder name="f4" displayName="objects" projectFiles="true">
        <itemPath>objects/CCreature.cpp</itemPath>
        <itemPath>objects/CCreature.h</itemPath>
        <itemPath>objects/CObj.cpp</itemPath>
        <itemPath>objects/CObj.h</itemPath>
        <itemPath>objects/CPos.cpp</itemPath>
        <itemPath>objects/CPos.h</itemPath>
      </logicalFolder>
      <logicalFolder name="f6" displayName="Powers" projectFiles="true">
        <itemPath>Powers/CPower.cpp</itemPath>
        <itemPath>Powers/CPower.h</itemPath>
      </logicalFolder>
      <logicalFolder name="f5" displayName="UI" projectFiles="true">
        <itemPath>UI/UIAbilityBox.cpp</itemPath>
        <itemPath>UI/UIAbilityBox.h</itemPath>
        <itemPath>UI/UIBaseFrame.cpp</itemPath>
        <itemPath>UI/UIBaseFrame.h</itemPath>
        <itemPath>UI/UICastBar.cpp</itemPath>
        <itemPath>UI/UICastBar.h</itemPath>
        <itemPath>UI/UIMainFrame.cpp</itemPath>
        <itemPath>UI/UIMainFrame.h</itemPath>
        <itemPath>UI/UISocket.cpp</itemPath>
        <itemPath>UI/UISocket.h</itemPath>
        <itemPath>UI/UIUnitBox.cpp</itemPath>
        <itemPath>UI/UIUnitBox.h</itemPath>
      </logicalFolder>
      <logicalFolder name="f7" displayName="world" projectFiles="true">
        <itemPath>world/CGrid.cpp</itemPath>
        <itemPath>world/CGrid.h</itemPath>
        <itemPath>world/CWorld.cpp</itemPath>
        <itemPath>world/CWorld.h</itemPath>
      </logicalFolder>
      <itemPath>CDatabase.cpp</itemPath>
      <itemPath>CDatabase.h</itemPath>
      <itemPath>CFunctions.cpp</itemPath>
      <itemPath>CFunctions.h</itemPath>
      <itemPath>CGlobals.cpp</itemPath>
      <itemPath>CGlobals.h</itemPath>
      <itemPath>CPlayerObjHandle.cpp</itemPath>
      <itemPath>CPlayerObjHandle.h</itemPath>
      <itemPath>mainClient.cpp</itemPath>
    </logicalFolder>
    <logicalFolder name="TestFiles"
                   displayName="Test Files"
                   projectFiles="false"
                   kind="TEST_LOGICAL_FOLDER">
    </logicalFolder>
    <logicalFolder name="ExternalFiles"
                   displayName="Important Files"
                   projectFiles="false"
                   kind="IMPORTANT_FILES_FOLDER">
      <itemPath>Makefile</itemPath>
    </logicalFolder>
  </logicalFolder>
  <projectmakefile>Makefile</projectmakefile>
  <confs>
    <conf name="Debug" type="1">
      <toolsSet>
        <remote-sources-mode>LOCAL_SOURCES</remote-sources-mode>
        <compilerSet>GNU|GNU</compilerSet>
      </toolsSet>
      <compileType>
        <ccTool>
          <incDir>
            <pElem>/usr/include/freetype2</pElem>
          </incDir>
        </ccTool>
        <linkerTool>
          <linkerLibItems>
            <linkerLibStdlibItem>PosixThreads</linkerLibStdlibItem>
            <linkerLibLibItem>SDL</linkerLibLibItem>
            <linkerLibLibItem>SDLmain</linkerLibLibItem>
            <linkerLibLibItem>SDL_ttf</linkerLibLibItem>
            <linkerLibLibItem>SDL_image</linkerLibLibItem>
            <linkerLibLibItem>GL</linkerLibLibItem>
            <linkerLibLibItem>ftgl</linkerLibLibItem>
          </linkerLibItems>
        </linkerTool>
      </compileType>
    </conf>
    <conf name="Release" type="1">
      <toolsSet>
        <remote-sources-mode>LOCAL_SOURCES</remote-sources-mode>
        <compilerSet>GNU|GNU</compilerSet>
      </toolsSet>
      <compileType>
        <cTool>
          <developmentMode>5</developmentMode>
        </cTool>
        <ccTool>
          <developmentMode>5</developmentMode>
        </ccTool>
        <fortranCompilerTool>
          <developmentMode>5</developmentMode>
        </fortranCompilerTool>
        <asmTool>
          <developmentMode>5</developmentMode>
        </asmTool>
      </compileType>
    </conf>
  </confs>
</configurationDescriptor>
